student_id,year,major,housing,previous_gpa,current_gpa,study_hours_per_week,sleep_hours_per_night,work_hours_per_week,attendance_rate,commute_minutes,credits,phone_hours_per_day
10042,Junior,Undeclared,On campus,2.97,2.6,14.6,6.4,9.0,0.72,10,16,6.3
10279,Senior,Exercise Science,On campus,3.25,2.7,12.4,,4.9,0.88,4,15,6.0
10527,Sophomore,Psychology,Off campus,3.1,2.85,twelve,6.3,18.1,0.97,9,12,3.5
10437,Junior,Undeclared,With family,2.32,2.06,13.4,-3.0,10.1,0.75,29,18,5.7
10459,Senior,Biology,Off campus,3.48,7.8,11.8,6.9,6.7,0.91,17,13,3.7
10341,Sophomore,English,On campus,3.24,2.61,15.5,5.7,8.9,95.0,7,18,5.9
10020,jr,Business,Off campus,2.98,3.27,11.8,7.0,6.1,1.0,2,16,6.8
10632,JUNIOR,Psychology,On campus,3.92,3.38,9.8,7.0,15.5,0.84,12,16,1.6
10429,Sophomore,bio,On campus,3.13,3.18,21.1,6.4,15.0,0.89,10,14,4.1
10536,Senior,Computer Science,Off campus,3.21,2.47,9.4,6.6,,0.79,9,12,3.3
10598,First-year,Computer Science,off-campus,3.8,3.33,19.6,6.9,4.4,0.82,4,18,2.5
10598,Senior,English,Off campus,3.42,2.72,11.6,8.2,21.6,0.79,20,14,4.6
10033,First-year,Statistics,With family,3.64,3.19,11.0,6.0,2.6,0.95,13,16,4.9
10714,Junior,Business,With family,3.41,3.29,16.9,7.7,9.7,0.86,25,16,2.7
10012,First-year,Statistics,With family,4.0,2.95,15.5,7.7,12.1,0.8,19,18,5.0
10552,First-year,Psychology,Off campus,2.87,2.83,18.2,6.1,0.0,0.95,28,16,4.0
10726,First-year,Statistics,On campus,3.32,2.97,6.3,6.2,11.0,0.9,4,18,4.6
10729,Sophomore,English,On campus,3.3,2.89,8.4,6.6,8.0,0.8,5,14,4.7
10363,Junior,Statistics,On campus,3.5,3.07,16.6,6.4,8.6,0.82,11,14,4.6
10144,First-year,Psychology,On campus,3.66,2.61,11.6,6.0,24.4,1.0,19,14,4.9
10060,Junior,English,On campus,3.34,2.74,10.0,6.7,12.2,0.76,10,14,5.7
10644,Junior,Statistics,Off campus,4.0,3.64,15.1,6.9,10.8,0.96,17,14,7.2
10274,Sophomore,Business,On campus,3.72,3.44,17.5,5.8,1.8,0.91,7,15,4.0
10495,Senior,Biology,On campus,3.47,3.1,11.9,7.4,13.3,0.93,16,14,7.4
