previous_gpa,study_hours_per_week,sleep_hours_per_night,work_hours_per_week,attendance_rate,credits,phone_hours_per_day,year,housing,actual_gpa,predicted_gpa,absolute_error
3.01,8.5,6.6,24.0,0.88,12,3.6,Sophomore,On campus,2.58,2.58,0.0
2.44,11.0,6.9,0.0,1.0,14,5.8,First-year,On campus,2.51,2.51,0.0
3.17,13.5,6.5,6.0,0.93,12,6.1,First-year,On campus,2.85,2.85,0.0
2.87,18.2,6.1,0.0,0.95,16,4.0,First-year,Off campus,2.83,2.82,0.01
3.24,9.5,7.1,24.7,0.77,17,3.6,Senior,Off campus,2.77,2.78,0.01
3.57,16.2,6.3,4.0,0.81,16,5.8,Senior,On campus,3.21,3.22,0.01
3.02,11.7,8.1,8.0,1.0,14,4.0,First-year,On campus,2.85,2.86,0.01
3.21,12.4,6.9,9.6,0.84,16,6.3,Senior,Off campus,2.94,2.95,0.01
3.03,12.8,7.8,1.0,0.93,16,4.8,First-year,On campus,2.88,2.87,0.01
3.22,9.6,6.2,30.7,0.92,13,4.2,Senior,On campus,2.77,2.79,0.02
3.11,5.7,7.0,19.2,0.81,14,6.2,Senior,With family,2.72,2.7,0.02
3.6,3.4,7.6,5.3,0.8,12,5.2,Junior,On campus,2.99,2.97,0.02
4.0,18.3,5.5,21.3,0.84,16,3.5,Junior,Off campus,3.29,3.31,0.02
3.36,8.5,6.6,16.7,0.91,18,4.4,First-year,Off campus,2.77,2.79,0.02
3.21,15.6,4.8,8.3,0.92,17,3.1,Sophomore,Off campus,2.9,2.88,0.02
3.1,14.6,6.3,18.1,0.97,12,3.5,Sophomore,Off campus,2.85,2.83,0.02
3.7,16.4,7.4,12.6,0.71,12,4.2,Junior,Off campus,3.13,3.15,0.02
2.82,7.7,7.0,2.6,0.96,14,4.5,First-year,Off campus,2.59,2.61,0.02
3.38,8.5,6.7,3.6,0.86,14,6.0,Sophomore,Off campus,2.87,2.9,0.03
2.89,14.4,7.3,10.8,0.74,18,3.6,Junior,Off campus,2.67,2.7,0.03
3.8,19.6,6.9,4.4,0.82,18,2.5,First-year,On campus,3.33,3.3,0.03
3.33,13.5,6.8,6.6,1.0,16,3.6,Senior,On campus,3.15,3.18,0.03
2.5,14.1,6.4,7.5,0.87,14,4.1,Junior,On campus,2.52,2.55,0.03
2.8,10.7,8.2,3.6,0.84,12,2.0,Junior,On campus,2.71,2.74,0.03
3.0,17.9,6.7,9.7,0.83,15,2.1,Senior,Off campus,2.97,2.93,0.04
3.5,16.6,6.4,8.6,0.82,14,4.6,Junior,On campus,3.07,3.11,0.04
1.6,7.0,7.5,13.7,0.89,16,3.9,First-year,On campus,1.88,1.84,0.04
3.99,14.1,8.3,17.3,0.94,16,4.8,First-year,On campus,3.39,3.35,0.04
3.17,6.5,5.0,1.8,0.95,16,4.4,First-year,On campus,2.74,2.7,0.04
3.91,12.3,6.9,0.0,0.97,16,4.5,First-year,Off campus,3.37,3.33,0.04
2.87,12.7,6.1,10.1,0.85,14,4.3,Senior,Off campus,2.68,2.73,0.05
3.47,11.9,7.4,13.3,0.93,14,7.4,Senior,On campus,3.1,3.15,0.05
3.56,14.2,7.0,8.0,0.97,12,3.8,Senior,Off campus,3.33,3.28,0.05
3.44,15.6,7.3,6.7,0.72,17,5.3,Sophomore,Off campus,3.04,2.99,0.05
2.37,18.8,6.7,1.3,0.8,16,8.0,First-year,On campus,2.42,2.47,0.05
2.97,6.9,5.3,5.5,0.96,15,6.3,Senior,With family,2.7,2.76,0.06
3.37,9.2,6.4,8.6,0.82,18,4.0,First-year,Off campus,2.73,2.79,0.06
3.06,19.2,6.4,6.3,0.9,14,3.0,First-year,On campus,2.83,2.89,0.06
3.37,14.6,5.5,5.4,0.91,16,3.8,First-year,On campus,2.89,2.95,0.06
2.91,8.1,5.1,7.2,0.87,16,4.3,Junior,On campus,2.55,2.61,0.06
4.0,13.2,8.6,17.5,0.87,12,4.6,Senior,Off campus,3.38,3.44,0.06
3.17,10.9,7.6,19.2,0.94,16,7.9,First-year,Off campus,2.7,2.77,0.07
3.27,15.9,6.2,1.5,0.9,16,2.9,First-year,Off campus,2.89,2.96,0.07
2.86,2.5,7.8,18.3,0.82,16,3.9,Junior,Off campus,2.41,2.48,0.07
2.98,12.9,8.2,12.2,0.8,12,6.8,Senior,With family,2.78,2.85,0.07
3.34,18.0,6.6,6.9,0.87,14,6.6,Junior,On campus,3.18,3.1,0.08
2.84,13.5,5.6,8.1,0.86,14,4.3,Junior,Off campus,2.75,2.67,0.08
3.5,5.7,7.8,9.1,0.94,16,1.6,Junior,With family,3.14,3.06,0.08
3.66,18.3,7.9,13.6,0.99,16,2.8,Junior,With family,3.49,3.41,0.08
3.71,16.7,6.3,20.6,0.81,16,4.7,Senior,On campus,3.12,3.2,0.08
3.53,9.7,7.6,12.6,0.9,16,2.3,Sophomore,On campus,3.13,3.04,0.09
2.96,16.1,6.3,17.5,0.81,18,8.1,Sophomore,Off campus,2.77,2.68,0.09
3.89,16.7,6.1,0.5,0.86,15,2.9,Sophomore,On campus,3.26,3.35,0.09
3.43,8.0,7.5,10.6,0.76,14,8.0,Junior,Off campus,2.97,2.88,0.09
3.64,11.0,6.0,2.6,0.95,16,4.9,First-year,With family,3.19,3.1,0.09
3.78,17.4,8.1,1.1,0.76,12,3.1,First-year,Off campus,3.15,3.25,0.1
3.28,14.5,5.4,6.7,0.89,15,4.1,Senior,With family,3.13,3.03,0.1
3.3,8.4,6.6,8.0,0.8,14,4.7,Sophomore,On campus,2.89,2.79,0.1
3.4,10.4,7.6,31.1,0.86,14,2.7,Sophomore,With family,2.94,2.84,0.1
3.27,12.9,6.2,4.6,0.94,16,5.0,First-year,Off campus,2.8,2.9,0.1
3.17,11.9,6.5,23.4,0.88,17,4.5,Sophomore,With family,2.65,2.75,0.1
2.67,9.5,8.0,8.8,0.8,18,6.0,Junior,Off campus,2.47,2.57,0.1
3.34,10.0,6.7,12.2,0.76,14,5.7,Junior,On campus,2.74,2.84,0.1
2.93,16.2,6.9,5.4,1.0,16,4.4,First-year,Off campus,2.96,2.85,0.11
2.97,14.6,6.4,9.0,0.72,16,6.3,Junior,On campus,2.6,2.71,0.11
2.29,16.7,7.3,8.0,1.0,12,4.8,First-year,On campus,2.39,2.5,0.11
3.68,4.3,7.3,9.3,0.8,14,4.2,Senior,On campus,3.16,3.05,0.11
2.22,21.6,4.9,5.0,1.0,16,4.1,First-year,With family,2.38,2.49,0.11
2.89,8.0,8.9,9.8,0.86,14,2.2,Sophomore,With family,2.58,2.7,0.12
3.41,16.9,7.7,9.7,0.86,16,2.7,Junior,With family,3.29,3.17,0.12
2.82,8.0,7.0,11.5,0.76,16,6.7,Junior,On campus,2.41,2.53,0.12
2.78,16.6,7.0,13.1,0.86,13,5.0,Senior,Off campus,2.9,2.78,0.12
3.51,11.1,8.1,6.4,0.82,14,2.9,Junior,Off campus,2.98,3.1,0.12
3.29,11.0,6.5,8.8,0.93,14,4.4,Senior,Off campus,2.88,3.01,0.13
4.0,13.4,7.3,13.9,0.91,17,3.3,Sophomore,Off campus,3.49,3.35,0.14
3.62,14.8,7.0,8.2,0.94,16,3.4,Sophomore,With family,3.08,3.22,0.14
3.43,13.0,7.1,15.2,0.86,18,5.4,Junior,With family,2.9,3.04,0.14
3.78,17.6,6.6,2.4,0.96,14,4.1,Junior,On campus,3.29,3.43,0.14
3.34,18.8,7.4,13.9,0.9,16,1.4,Sophomore,On campus,3.24,3.1,0.14
3.76,15.8,7.5,24.1,0.82,16,3.6,Sophomore,On campus,3.0,3.15,0.15
2.84,15.3,7.9,9.8,0.9,15,4.6,Sophomore,On campus,2.64,2.79,0.15
2.91,11.7,6.6,2.7,0.91,14,2.6,Sophomore,Off campus,2.59,2.74,0.15
3.73,19.4,6.4,7.2,0.9,14,5.0,Sophomore,Off campus,3.15,3.3,0.15
3.92,9.8,7.0,15.5,0.84,16,1.6,Junior,On campus,3.38,3.22,0.16
4.0,11.7,5.7,19.8,0.81,12,3.8,Senior,Off campus,3.07,3.23,0.16
3.18,23.2,6.5,7.3,1.0,16,5.7,First-year,On campus,3.26,3.1,0.16
3.79,8.3,7.3,12.7,0.71,13,4.5,Senior,On campus,2.94,3.1,0.16
2.89,6.8,7.7,10.5,0.85,16,4.5,Junior,Off campus,2.81,2.65,0.16
3.72,17.5,5.8,1.8,0.91,15,4.0,Sophomore,On campus,3.44,3.28,0.16
3.95,8.8,7.4,20.5,0.87,12,4.2,Senior,On campus,3.11,3.27,0.16
3.16,2.5,6.4,2.6,0.84,17,6.7,Sophomore,Off campus,2.8,2.64,0.16
3.28,5.5,7.4,13.5,0.84,16,6.2,Junior,Off campus,2.62,2.79,0.17
3.8,4.4,7.4,7.1,0.96,18,3.4,First-year,On campus,2.93,3.1,0.17
3.36,14.6,6.4,1.8,0.89,13,4.2,Sophomore,Off campus,3.21,3.03,0.18
3.5,13.6,6.6,8.4,0.85,16,5.5,Senior,On campus,2.96,3.14,0.18
2.89,6.1,7.4,8.9,0.95,16,3.7,Junior,Off campus,2.88,2.7,0.18
3.77,10.1,7.1,18.6,0.91,14,5.0,First-year,On campus,2.88,3.06,0.18
3.05,15.9,5.7,7.0,0.93,16,4.5,Junior,With family,3.1,2.92,0.18
2.72,15.1,7.7,8.4,0.81,14,4.8,Junior,Off campus,2.51,2.69,0.18
3.16,14.9,7.0,6.9,0.94,14,2.9,Senior,Off campus,3.24,3.06,0.18
3.8,16.2,6.6,8.0,0.91,15,3.7,Senior,Off campus,3.58,3.4,0.18
3.18,15.3,7.8,15.2,1.0,14,2.9,Junior,On campus,2.87,3.06,0.19
4.0,15.1,6.9,10.8,0.96,14,7.2,Junior,Off campus,3.64,3.45,0.19
2.62,28.3,7.5,9.7,0.91,18,2.7,First-year,Off campus,2.67,2.86,0.19
3.32,12.5,6.2,9.3,0.74,14,6.5,Senior,On campus,2.71,2.91,0.2
3.87,13.0,5.9,9.5,0.86,16,6.1,Senior,Off campus,3.49,3.29,0.2
3.24,15.5,5.7,8.9,0.74,18,5.9,Sophomore,On campus,2.61,2.81,0.2
3.66,5.6,7.0,4.6,0.96,15,3.6,Sophomore,On campus,2.89,3.09,0.2
3.7,15.5,7.0,4.2,0.83,16,4.6,Senior,On campus,3.13,3.33,0.2
3.1,13.0,6.8,0.0,0.84,16,3.4,First-year,With family,2.62,2.82,0.2
3.19,4.2,6.0,15.4,1.0,16,6.0,Sophomore,With family,2.92,2.72,0.2
3.1,17.7,6.6,7.1,0.92,16,5.1,Junior,With family,3.22,3.01,0.21
2.69,17.4,8.5,7.1,0.95,14,2.2,Junior,On campus,2.67,2.88,0.21
3.32,6.3,6.2,11.0,0.9,18,4.6,First-year,On campus,2.97,2.75,0.22
3.62,2.5,6.0,16.0,0.87,14,5.1,Junior,With family,3.1,2.88,0.22
2.8,10.5,6.2,1.8,0.88,14,3.4,Sophomore,Off campus,2.4,2.62,0.22
3.08,10.7,4.7,2.8,0.93,16,3.8,Sophomore,Off campus,2.53,2.75,0.22
3.2,5.8,7.3,14.3,0.77,16,5.2,Junior,With family,2.5,2.72,0.22
3.17,6.5,8.1,34.0,0.94,15,7.0,Senior,On campus,2.57,2.79,0.22
3.13,21.1,6.4,15.0,0.89,14,4.1,Sophomore,On campus,3.18,2.95,0.23
2.56,15.0,7.5,3.8,1.0,14,2.6,Sophomore,On campus,2.95,2.72,0.23
2.87,5.6,6.1,17.4,0.91,14,4.8,First-year,On campus,2.67,2.44,0.23
2.55,12.1,7.7,6.1,0.89,12,2.0,Sophomore,On campus,2.34,2.57,0.23
3.69,9.6,6.3,8.2,0.9,15,5.2,Senior,On campus,3.42,3.19,0.23
3.78,11.3,7.4,0.0,1.0,12,6.5,First-year,With family,3.06,3.29,0.23
3.57,13.2,8.3,20.2,0.8,12,3.4,Junior,Off campus,3.31,3.07,0.24
3.72,13.1,5.8,9.3,0.78,16,6.1,Junior,On campus,3.35,3.11,0.24
2.32,13.4,5.3,10.1,0.75,18,5.7,Junior,With family,2.06,2.3,0.24
2.8,7.9,5.8,9.0,0.79,12,6.2,Junior,Off campus,2.72,2.48,0.24
2.97,13.3,6.8,16.7,0.93,14,2.2,Junior,On campus,2.56,2.8,0.24
3.49,19.9,6.6,29.2,0.87,18,4.9,Junior,Off campus,2.83,3.08,0.25
2.7,11.8,6.7,21.2,0.85,16,6.7,First-year,With family,2.18,2.43,0.25
2.81,6.2,6.2,2.2,0.84,17,6.1,Sophomore,Off campus,2.77,2.52,0.25
3.66,18.0,8.0,22.7,0.72,14,4.0,Junior,On campus,2.89,3.14,0.25
3.01,20.4,7.2,6.1,0.98,12,1.1,Sophomore,Off campus,2.76,3.02,0.26
3.21,9.4,6.6,26.3,0.79,12,3.3,Senior,Off campus,2.47,2.73,0.26
2.71,14.2,5.5,21.8,0.91,16,5.5,Sophomore,Off campus,2.77,2.51,0.26
2.97,11.6,5.7,0.7,0.94,18,4.7,First-year,On campus,2.47,2.73,0.26
3.21,14.1,6.8,10.5,1.0,16,3.1,First-year,On campus,2.67,2.94,0.27
2.95,15.1,7.1,19.0,0.87,14,5.4,Junior,With family,2.51,2.78,0.27
3.42,11.6,8.2,21.6,0.79,14,4.6,Senior,Off campus,2.72,3.0,0.28
2.99,20.1,7.2,12.9,0.73,14,3.5,Senior,On campus,3.18,2.9,0.28
3.49,5.2,6.2,6.0,0.81,18,3.2,First-year,Off campus,3.08,2.79,0.29
3.0,16.8,5.7,3.3,0.94,12,5.0,Junior,Off campus,2.62,2.91,0.29
3.56,10.4,7.4,10.4,0.89,16,4.6,Senior,Off campus,2.87,3.16,0.29
3.88,7.9,4.2,16.7,0.89,12,7.3,First-year,On campus,2.63,2.93,0.3
3.48,11.8,6.9,6.7,0.91,13,3.7,Senior,Off campus,2.84,3.15,0.31
3.33,21.9,6.8,3.7,0.78,16,4.2,Junior,Off campus,3.45,3.14,0.31
2.68,7.3,6.9,10.9,0.88,12,4.3,Junior,With family,2.84,2.53,0.31
3.57,4.4,7.4,6.2,0.8,15,5.7,Senior,Off campus,2.69,3.01,0.32
3.08,12.9,4.9,31.4,0.8,16,2.5,First-year,On campus,2.81,2.49,0.32
2.49,16.2,7.1,0.0,0.83,18,4.2,First-year,Off campus,2.21,2.54,0.33
3.63,13.3,6.5,9.2,1.0,15,4.5,Sophomore,Off campus,3.53,3.19,0.34
3.92,10.2,4.4,11.2,0.93,14,3.0,Junior,On campus,2.85,3.19,0.34
2.9,16.9,6.4,7.8,0.91,16,4.7,Junior,On campus,2.52,2.86,0.34
3.02,8.7,6.6,2.6,0.8,16,4.4,Junior,With family,3.08,2.74,0.34
2.81,18.6,5.5,6.7,0.92,18,6.7,First-year,Off campus,2.36,2.7,0.34
3.25,12.4,7.3,4.9,0.88,15,6.0,Senior,On campus,2.7,3.05,0.35
3.0,19.1,5.9,28.3,0.81,16,3.7,Junior,Off campus,2.37,2.72,0.35
3.68,15.9,6.9,5.6,0.88,16,4.4,First-year,On campus,2.83,3.18,0.35
4.0,15.5,7.7,12.1,0.8,18,5.0,First-year,With family,2.95,3.3,0.35
4.0,14.4,6.6,12.5,0.85,18,1.6,First-year,Off campus,3.61,3.26,0.35
3.31,17.0,7.3,25.4,0.79,14,4.7,Sophomore,Off campus,3.25,2.87,0.38
3.23,11.7,6.3,6.1,0.76,16,5.8,Junior,On campus,2.46,2.84,0.38
2.97,28.2,4.9,11.8,0.83,12,6.8,Sophomore,On campus,2.52,2.9,0.38
3.27,16.4,8.3,19.5,0.85,14,5.5,Junior,On campus,2.64,3.02,0.38
2.98,11.8,7.0,6.1,1.0,16,6.8,Junior,Off campus,3.27,2.89,0.38
3.46,12.7,7.2,8.7,0.94,14,5.2,Junior,Off campus,2.73,3.12,0.39
2.63,11.9,7.7,6.1,0.77,12,2.4,Junior,With family,2.2,2.59,0.39
3.3,10.9,7.1,0.0,0.92,16,5.4,First-year,With family,3.34,2.95,0.39
3.66,11.6,6.0,24.4,1.0,14,4.9,First-year,On campus,2.61,3.01,0.4
3.5,14.8,6.6,6.7,0.83,15,3.1,Senior,Off campus,2.75,3.16,0.41
3.38,3.0,5.5,22.9,0.95,16,4.6,First-year,With family,3.08,2.65,0.43
3.62,20.6,7.2,9.2,0.89,15,5.0,Sophomore,Off campus,2.85,3.28,0.43
2.55,9.6,6.1,10.5,0.79,14,3.4,First-year,Off campus,1.86,2.29,0.43
3.32,17.9,7.8,17.5,0.93,15,5.5,Senior,With family,3.63,3.19,0.44
3.42,6.1,5.9,22.4,1.0,14,2.2,First-year,With family,3.23,2.79,0.44
3.05,8.0,7.5,3.3,0.87,12,3.0,Junior,Off campus,3.25,2.8,0.45
2.31,11.7,5.3,5.2,0.88,14,0.5,Junior,On campus,1.92,2.38,0.46
4.0,9.4,5.8,12.6,0.85,13,8.6,Senior,Off campus,2.78,3.25,0.47
2.57,16.9,7.6,11.1,0.69,15,3.6,Senior,Off campus,2.12,2.6,0.48
3.51,8.7,5.4,9.3,0.97,14,5.4,Junior,On campus,3.51,3.02,0.49
3.63,11.0,7.2,0.1,0.87,14,6.5,First-year,Off campus,3.57,3.08,0.49
3.08,13.4,6.8,0.6,0.81,15,3.3,Sophomore,With family,2.34,2.84,0.5
3.47,10.2,4.9,18.3,0.76,14,3.9,Junior,Off campus,2.27,2.79,0.52
2.71,19.3,5.9,10.8,0.77,13,9.0,Senior,Off campus,2.16,2.69,0.53
2.66,17.2,7.2,12.6,0.9,12,2.9,Junior,With family,3.27,2.73,0.54
3.43,16.2,7.5,15.1,0.91,12,4.8,Senior,On campus,2.64,3.19,0.55
